step,x,y,yaw,side
0,0.1,0.02,0,R
1,0.1,0.18,0,L
2,0.5,-0.16,-0.174533,R
3,0.92,-0.02,-0.436332,L
4,1.24,-0.28,-0.872665,R
5,1.34,-0.26,-0.872665,L
6,1.22,-0.64,-1.0472,R
7,1.32,-0.42,-1.0472,L
8,1.06,-0.56,-1.0472,R
9,1.26928,-0.46,-1.0472,L
10,1.13072,-0.54,-1.0472,R
