index,label,height_m
0,base,0
1,stone_0,0.0533372
2,stone_1,0.0682279
3,stone_2,0.0610864
4,stone_3,0.141875
5,stone_4,0.0532699
